,test,val,train
mse,0.08746682852506638,0.03438549488782883,0.005617858842015266
mae,0.20216359198093414,0.13074982166290283,0.039819348603487015
rmse,0.29574790596961975,0.1854332536458969,0.0749523788690567
r2,0.835796735854484,0.866700587835556,0.9945368073681492
