,test,val,train
mse,0.10244289040565491,0.047189172357320786,0.01618826948106289
mae,0.20900042355060577,0.1496325433254242,0.07407990097999573
rmse,0.32006701827049255,0.2172306925058365,0.1272331327199936
r2,0.8076818586139077,0.8170656401082528,0.9842574120432332
