,test,val,train
mse,0.03428557515144348,0.010944594629108906,0.003003571880981326
mae,0.1113196611404419,0.07319325953722,0.033768005669116974
rmse,0.18516363203525543,0.10461641103029251,0.05480485036969185
winding_r2,0.9624394187739655,0.9903715484040624,0.9971969544054815
tooth_r2,0.9399446576253575,0.9839413511909255,0.9968090964579727
yoke_r2,0.9450155560661833,0.9823346161772493,0.9968825014648593
overall_r2,0.9491332108218348,0.9855491719240792,0.9969628507761058
