,test,val,train
mse,0.031202981248497963,0.012257314287126064,0.004258415196090937
mae,0.10112541913986206,0.07500512152910233,0.04569254443049431
rmse,0.17664363980293274,0.11071275174617767,0.06525653600692749
winding_r2,0.9669711759602829,0.9876126112484556,0.9959361301888239
tooth_r2,0.9461146556274647,0.980543027738781,0.9950407993911378
yoke_r2,0.9478229620594761,0.9834986983345578,0.9961120427123348
overall_r2,0.9536362645490746,0.9838847791072647,0.9956963240974338
