,test,val,train
mse,0.5588634014129639,0.29947981238365173,0.4882117211818695
mae,0.5023572444915771,0.45372968912124634,0.567962110042572
rmse,0.7475716471672058,0.5472474694252014,0.6987214684486389
r2,-0.04806672693491265,-0.1651578738423436,0.525131830293285
