,test,val,train
mse,0.04049771651625633,0.012700722552835941,0.006856458727270365
mae,0.13710477948188782,0.08275340497493744,0.04993131756782532
rmse,0.2012404501438141,0.11269748210906982,0.08280373364686966
winding_r2,0.9402714949169084,0.9796904030431585,0.9929962820830656
tooth_r2,0.9310594192227967,0.9814102264892295,0.9925598145796062
yoke_r2,0.9509518549101114,0.9884317916476365,0.9936392163149402
overall_r2,0.9407609230166064,0.9831774737266747,0.9930651043258698
